lower,upper,quantity,interval,strain,carbon_source,overexpression,inducer_conc
0.63129,0.82550645,width_mu,95%,malE-rbsB-fliC-KO,acetate,malE,10.0
0.679355375,0.789032,width_mu,75%,malE-rbsB-fliC-KO,acetate,malE,10.0
0.724647625,0.749907625,width_mu,25%,malE-rbsB-fliC-KO,acetate,malE,10.0
0.7375825,0.7375825,width_mu,median,malE-rbsB-fliC-KO,acetate,malE,10.0
0.6868563000000001,0.7605270499999999,width_mu,95%,malE-rbsB-fliC-KO,acetate,malE,50.0
0.7013915000000001,0.746256,width_mu,75%,malE-rbsB-fliC-KO,acetate,malE,50.0
0.7181817500000001,0.729475375,width_mu,25%,malE-rbsB-fliC-KO,acetate,malE,50.0
0.7239215,0.7239215,width_mu,median,malE-rbsB-fliC-KO,acetate,malE,50.0
0.62792465,0.78952125,width_mu,95%,malE-rbsB-fliC-KO,acetate,malE,100.0
0.6622318749999999,0.7553343749999999,width_mu,75%,malE-rbsB-fliC-KO,acetate,malE,100.0
0.698805375,0.72104225,width_mu,25%,malE-rbsB-fliC-KO,acetate,malE,100.0
0.710037,0.710037,width_mu,median,malE-rbsB-fliC-KO,acetate,malE,100.0
0.69065995,0.8157713499999999,width_mu,95%,malE-rbsB-fliC-KO,acetate,none,0.0
0.719660625,0.7914862500000001,width_mu,75%,malE-rbsB-fliC-KO,acetate,none,0.0
0.747786125,0.76498675,width_mu,25%,malE-rbsB-fliC-KO,acetate,none,0.0
0.7565255,0.7565255,width_mu,median,malE-rbsB-fliC-KO,acetate,none,0.0
0.5858172,0.8620931,width_mu,95%,malE-rbsB-fliC-KO,acetate,rbsB,10.0
0.676858875,0.8137252500000001,width_mu,75%,malE-rbsB-fliC-KO,acetate,rbsB,10.0
0.7353785,0.766477,width_mu,25%,malE-rbsB-fliC-KO,acetate,rbsB,10.0
0.7515545,0.7515545,width_mu,median,malE-rbsB-fliC-KO,acetate,rbsB,10.0
0.6776495,0.8166570999999999,width_mu,95%,malE-rbsB-fliC-KO,acetate,rbsB,50.0
0.70488325,0.7902026249999999,width_mu,75%,malE-rbsB-fliC-KO,acetate,rbsB,50.0
0.7375205,0.75868475,width_mu,25%,malE-rbsB-fliC-KO,acetate,rbsB,50.0
0.7483344999999999,0.7483344999999999,width_mu,median,malE-rbsB-fliC-KO,acetate,rbsB,50.0
0.67296515,0.79105085,width_mu,95%,malE-rbsB-fliC-KO,acetate,rbsB,100.0
0.694218625,0.767204625,width_mu,75%,malE-rbsB-fliC-KO,acetate,rbsB,100.0
0.72108625,0.738854625,width_mu,25%,malE-rbsB-fliC-KO,acetate,rbsB,100.0
0.729691,0.729691,width_mu,median,malE-rbsB-fliC-KO,acetate,rbsB,100.0
0.6724757,0.8983264499999999,width_mu,95%,malE-rbsB-fliC-KO,glucose,none,0.0
0.7165765,0.854465,width_mu,75%,malE-rbsB-fliC-KO,glucose,none,0.0
0.768917625,0.8024601250000001,width_mu,25%,malE-rbsB-fliC-KO,glucose,none,0.0
0.785688,0.785688,width_mu,median,malE-rbsB-fliC-KO,glucose,none,0.0
0.9540316,0.99668115,width_mu,95%,wildtype,LB,none,0.0
0.961102875,0.989962125,width_mu,75%,wildtype,LB,none,0.0
0.972233125,0.9797601250000001,width_mu,25%,wildtype,LB,none,0.0
0.9760555,0.9760555,width_mu,median,wildtype,LB,none,0.0
0.67357875,0.71305365,width_mu,95%,wildtype,acetate,none,0.0
0.680607,0.70710825,width_mu,75%,wildtype,acetate,none,0.0
0.6904715,0.6977105,width_mu,25%,wildtype,acetate,none,0.0
0.6941284999999999,0.6941284999999999,width_mu,median,wildtype,acetate,none,0.0
0.7985428,0.89912235,width_mu,95%,wildtype,glucose,lacZ,10.0
0.81881025,0.88079425,width_mu,75%,wildtype,glucose,lacZ,10.0
0.842457,0.8574885,width_mu,25%,wildtype,glucose,lacZ,10.0
0.8500365000000001,0.8500365000000001,width_mu,median,wildtype,glucose,lacZ,10.0
0.8239599000000001,0.8730878,width_mu,95%,wildtype,glucose,lacZ,20.0
0.8334827499999999,0.8636485,width_mu,75%,wildtype,glucose,lacZ,20.0
0.844565125,0.85212075,width_mu,25%,wildtype,glucose,lacZ,20.0
0.8483685000000001,0.8483685000000001,width_mu,median,wildtype,glucose,lacZ,20.0
0.77470505,0.9478112499999999,width_mu,95%,wildtype,glucose,lacZ,50.0
0.817147375,0.8946860000000001,width_mu,75%,wildtype,glucose,lacZ,50.0
0.8496296249999999,0.864155875,width_mu,25%,wildtype,glucose,lacZ,50.0
0.85683,0.85683,width_mu,median,wildtype,glucose,lacZ,50.0
0.7491206,0.7841242,width_mu,95%,wildtype,glucose,none,0.0
0.7551435000000001,0.7789852500000001,width_mu,75%,wildtype,glucose,none,0.0
0.764154625,0.77055375,width_mu,25%,wildtype,glucose,none,0.0
0.767387,0.767387,width_mu,median,wildtype,glucose,none,0.0
0.8020917999999999,0.8453642,width_mu,95%,wildtype,glucoseCAA,none,0.0
0.80981425,0.8371422500000001,width_mu,75%,wildtype,glucoseCAA,none,0.0
0.819732,0.82663725,width_mu,25%,wildtype,glucoseCAA,none,0.0
0.8230735,0.8230735,width_mu,median,wildtype,glucoseCAA,none,0.0
0.6836014,0.75805425,width_mu,95%,wildtype,glycerol,none,0.0
0.700045625,0.74649725,width_mu,75%,wildtype,glycerol,none,0.0
0.721234375,0.732718,width_mu,25%,wildtype,glycerol,none,0.0
0.7270765,0.7270765,width_mu,median,wildtype,glycerol,none,0.0
0.6362877,0.7067654499999999,width_mu,95%,wildtype,sorbitol,none,0.0
0.64749075,0.6967239999999999,width_mu,75%,wildtype,sorbitol,none,0.0
0.66490925,0.678201375,width_mu,25%,wildtype,sorbitol,none,0.0
0.6715774999999999,0.6715774999999999,width_mu,median,wildtype,sorbitol,none,0.0
1.9713615,2.2760965,length_mu,95%,malE-rbsB-fliC-KO,acetate,malE,10.0
2.0736387499999998,2.21824625,length_mu,75%,malE-rbsB-fliC-KO,acetate,malE,10.0
2.1350124999999998,2.1663,length_mu,25%,malE-rbsB-fliC-KO,acetate,malE,10.0
2.151275,2.151275,length_mu,median,malE-rbsB-fliC-KO,acetate,malE,10.0
1.9928,2.1746674999999995,length_mu,95%,malE-rbsB-fliC-KO,acetate,malE,50.0
2.02690625,2.14317375,length_mu,75%,malE-rbsB-fliC-KO,acetate,malE,50.0
2.0704462500000003,2.0996475,length_mu,25%,malE-rbsB-fliC-KO,acetate,malE,50.0
2.0847350000000002,2.0847350000000002,length_mu,median,malE-rbsB-fliC-KO,acetate,malE,50.0
2.0708245,2.2414,length_mu,95%,malE-rbsB-fliC-KO,acetate,malE,100.0
2.1120675,2.2097137499999997,length_mu,75%,malE-rbsB-fliC-KO,acetate,malE,100.0
2.1518825,2.17415125,length_mu,25%,malE-rbsB-fliC-KO,acetate,malE,100.0
2.16335,2.16335,length_mu,median,malE-rbsB-fliC-KO,acetate,malE,100.0
2.0077944999999997,2.4083579999999993,length_mu,95%,malE-rbsB-fliC-KO,acetate,none,0.0
2.09075,2.32145125,length_mu,75%,malE-rbsB-fliC-KO,acetate,none,0.0
2.17931,2.23301375,length_mu,25%,malE-rbsB-fliC-KO,acetate,none,0.0
2.206365,2.206365,length_mu,median,malE-rbsB-fliC-KO,acetate,none,0.0
1.9638145,2.290653,length_mu,95%,malE-rbsB-fliC-KO,acetate,rbsB,10.0
2.03748875,2.22619125,length_mu,75%,malE-rbsB-fliC-KO,acetate,rbsB,10.0
2.10903625,2.15293375,length_mu,25%,malE-rbsB-fliC-KO,acetate,rbsB,10.0
2.13092,2.13092,length_mu,median,malE-rbsB-fliC-KO,acetate,rbsB,10.0
2.000335,2.209723,length_mu,95%,malE-rbsB-fliC-KO,acetate,rbsB,50.0
2.0414624999999997,2.169455,length_mu,75%,malE-rbsB-fliC-KO,acetate,rbsB,50.0
2.08842625,2.1203575,length_mu,25%,malE-rbsB-fliC-KO,acetate,rbsB,50.0
2.1047450000000003,2.1047450000000003,length_mu,median,malE-rbsB-fliC-KO,acetate,rbsB,50.0
2.012595,2.275772,length_mu,95%,malE-rbsB-fliC-KO,acetate,rbsB,100.0
2.06490625,2.22696125,length_mu,75%,malE-rbsB-fliC-KO,acetate,rbsB,100.0
2.1288525,2.16754,length_mu,25%,malE-rbsB-fliC-KO,acetate,rbsB,100.0
2.147535,2.147535,length_mu,median,malE-rbsB-fliC-KO,acetate,rbsB,100.0
2.3899995,2.5758605,length_mu,95%,malE-rbsB-fliC-KO,glucose,none,0.0
2.42608875,2.5380125,length_mu,75%,malE-rbsB-fliC-KO,glucose,none,0.0
2.46764625,2.4956975,length_mu,25%,malE-rbsB-fliC-KO,glucose,none,0.0
2.481535,2.481535,length_mu,median,malE-rbsB-fliC-KO,glucose,none,0.0
3.198686,3.788831,length_mu,95%,wildtype,LB,none,0.0
3.2908575,3.69915375,length_mu,75%,wildtype,LB,none,0.0
3.4405212499999998,3.55424125,length_mu,25%,wildtype,LB,none,0.0
3.497085,3.497085,length_mu,median,wildtype,LB,none,0.0
2.0452635,2.1942440000000003,length_mu,95%,wildtype,acetate,none,0.0
2.06911625,2.16942,length_mu,75%,wildtype,acetate,none,0.0
2.1054225,2.13226,length_mu,25%,wildtype,acetate,none,0.0
2.11874,2.11874,length_mu,median,wildtype,acetate,none,0.0
2.7402725,3.0335579999999998,length_mu,95%,wildtype,glucose,lacZ,10.0
2.7997762500000003,2.9819424999999997,length_mu,75%,wildtype,glucose,lacZ,10.0
2.87168625,2.9169775000000002,length_mu,25%,wildtype,glucose,lacZ,10.0
2.8950899999999997,2.8950899999999997,length_mu,median,wildtype,glucose,lacZ,10.0
2.5896415,3.1747159999999996,length_mu,95%,wildtype,glucose,lacZ,20.0
2.70915125,3.0705125,length_mu,75%,wildtype,glucose,lacZ,20.0
2.8509725,2.9399125,length_mu,25%,wildtype,glucose,lacZ,20.0
2.89626,2.89626,length_mu,median,wildtype,glucose,lacZ,20.0
2.4047035,2.9439805,length_mu,95%,wildtype,glucose,lacZ,50.0
2.5500275,2.8199,length_mu,75%,wildtype,glucose,lacZ,50.0
2.66133625,2.71636125,length_mu,25%,wildtype,glucose,lacZ,50.0
2.687595,2.687595,length_mu,median,wildtype,glucose,lacZ,50.0
2.4553475000000002,2.6003205,length_mu,95%,wildtype,glucose,none,0.0
2.47892875,2.5769775000000004,length_mu,75%,wildtype,glucose,none,0.0
2.51397,2.54092,length_mu,25%,wildtype,glucose,none,0.0
2.5274349999999997,2.5274349999999997,length_mu,median,wildtype,glucose,none,0.0
2.56814,2.9130059999999998,length_mu,95%,wildtype,glucoseCAA,none,0.0
2.624915,2.8579624999999997,length_mu,75%,wildtype,glucoseCAA,none,0.0
2.71241875,2.7761087499999997,length_mu,25%,wildtype,glucoseCAA,none,0.0
2.74532,2.74532,length_mu,median,wildtype,glucoseCAA,none,0.0
2.1703935,2.4979905,length_mu,95%,wildtype,glycerol,none,0.0
2.2410275,2.42817125,length_mu,75%,wildtype,glycerol,none,0.0
2.31099,2.3550575,length_mu,25%,wildtype,glycerol,none,0.0
2.3324949999999998,2.3324949999999998,length_mu,median,wildtype,glycerol,none,0.0
1.9593265,2.2088405,length_mu,95%,wildtype,sorbitol,none,0.0
2.0055187500000002,2.17214,length_mu,75%,wildtype,sorbitol,none,0.0
2.0705850000000003,2.11611,length_mu,25%,wildtype,sorbitol,none,0.0
2.0934749999999998,2.0934749999999998,length_mu,median,wildtype,sorbitol,none,0.0
0.6734793499999999,0.96974015,volume_mu,95%,malE-rbsB-fliC-KO,acetate,malE,10.0
0.7317883749999999,0.902494125,volume_mu,75%,malE-rbsB-fliC-KO,acetate,malE,10.0
0.7957865000000001,0.835983125,volume_mu,25%,malE-rbsB-fliC-KO,acetate,malE,10.0
0.8152445,0.8152445,volume_mu,median,malE-rbsB-fliC-KO,acetate,malE,10.0
0.70522975,0.82230995,volume_mu,95%,malE-rbsB-fliC-KO,acetate,malE,50.0
0.72530775,0.79932675,volume_mu,75%,malE-rbsB-fliC-KO,acetate,malE,50.0
0.7527975,0.77102675,volume_mu,25%,malE-rbsB-fliC-KO,acetate,malE,50.0
0.7618914999999999,0.7618914999999999,volume_mu,median,malE-rbsB-fliC-KO,acetate,malE,50.0
0.610577,0.9161406999999997,volume_mu,95%,malE-rbsB-fliC-KO,acetate,malE,100.0
0.6752638750000001,0.848880875,volume_mu,75%,malE-rbsB-fliC-KO,acetate,malE,100.0
0.743764875,0.783834,volume_mu,25%,malE-rbsB-fliC-KO,acetate,malE,100.0
0.7635590000000001,0.7635590000000001,volume_mu,median,malE-rbsB-fliC-KO,acetate,malE,100.0
0.7012915,1.0671409999999997,volume_mu,95%,malE-rbsB-fliC-KO,acetate,none,0.0
0.778480375,0.985637125,volume_mu,75%,malE-rbsB-fliC-KO,acetate,none,0.0
0.858195625,0.906294625,volume_mu,25%,malE-rbsB-fliC-KO,acetate,none,0.0
0.8823295,0.8823295,volume_mu,median,malE-rbsB-fliC-KO,acetate,none,0.0
0.6383261,1.0278239999999996,volume_mu,95%,malE-rbsB-fliC-KO,acetate,rbsB,10.0
0.7261949999999999,0.949939875,volume_mu,75%,malE-rbsB-fliC-KO,acetate,rbsB,10.0
0.813188625,0.8654470000000001,volume_mu,25%,malE-rbsB-fliC-KO,acetate,rbsB,10.0
0.838803,0.838803,volume_mu,median,malE-rbsB-fliC-KO,acetate,rbsB,10.0
0.68710665,0.94138325,volume_mu,95%,malE-rbsB-fliC-KO,acetate,rbsB,50.0
0.740929125,0.89402525,volume_mu,75%,malE-rbsB-fliC-KO,acetate,rbsB,50.0
0.7993178750000001,0.8362921249999999,volume_mu,25%,malE-rbsB-fliC-KO,acetate,rbsB,50.0
0.8183865,0.8183865,volume_mu,median,malE-rbsB-fliC-KO,acetate,rbsB,50.0
0.7282228500000001,0.86478815,volume_mu,95%,malE-rbsB-fliC-KO,acetate,rbsB,100.0
0.755624375,0.836934375,volume_mu,75%,malE-rbsB-fliC-KO,acetate,rbsB,100.0
0.786168,0.807294,volume_mu,25%,malE-rbsB-fliC-KO,acetate,rbsB,100.0
0.796403,0.796403,volume_mu,median,malE-rbsB-fliC-KO,acetate,rbsB,100.0
0.8055766,1.368895,volume_mu,95%,malE-rbsB-fliC-KO,glucose,none,0.0
0.9087525000000001,1.27043125,volume_mu,75%,malE-rbsB-fliC-KO,glucose,none,0.0
1.0473875,1.1371275,volume_mu,25%,malE-rbsB-fliC-KO,glucose,none,0.0
1.09272,1.09272,volume_mu,median,malE-rbsB-fliC-KO,glucose,none,0.0
2.175668,2.842624,volume_mu,95%,wildtype,LB,none,0.0
2.2993975,2.74567,volume_mu,75%,wildtype,LB,none,0.0
2.4622825,2.58357375,volume_mu,25%,wildtype,LB,none,0.0
2.5245949999999997,2.5245949999999997,volume_mu,median,wildtype,LB,none,0.0
0.68423805,0.766626,volume_mu,95%,wildtype,acetate,none,0.0
0.69889075,0.75466625,volume_mu,75%,wildtype,acetate,none,0.0
0.71994475,0.734603,volume_mu,25%,wildtype,acetate,none,0.0
0.727263,0.727263,volume_mu,median,wildtype,acetate,none,0.0
1.3761265,1.681912,volume_mu,95%,wildtype,glucose,lacZ,10.0
1.427885,1.6134525,volume_mu,75%,wildtype,glucose,lacZ,10.0
1.49654,1.5419475,volume_mu,25%,wildtype,glucose,lacZ,10.0
1.519485,1.519485,volume_mu,median,wildtype,glucose,lacZ,10.0
1.2924164999999999,1.7264745,volume_mu,95%,wildtype,glucose,lacZ,20.0
1.3757312499999999,1.64953875,volume_mu,75%,wildtype,glucose,lacZ,20.0
1.48178,1.54815,volume_mu,25%,wildtype,glucose,lacZ,20.0
1.51499,1.51499,volume_mu,median,wildtype,glucose,lacZ,20.0
1.40027,1.4186015,volume_mu,95%,wildtype,glucose,lacZ,50.0
1.4057887500000001,1.41273125,volume_mu,75%,wildtype,glucose,lacZ,50.0
1.40858,1.40988,volume_mu,25%,wildtype,glucose,lacZ,50.0
1.40925,1.40925,volume_mu,median,wildtype,glucose,lacZ,50.0
0.9846464,1.1178215,volume_mu,95%,wildtype,glucose,none,0.0
1.006695,1.0967587499999998,volume_mu,75%,wildtype,glucose,none,0.0
1.0395525,1.064365,volume_mu,25%,wildtype,glucose,none,0.0
1.05213,1.05213,volume_mu,median,wildtype,glucose,none,0.0
1.1132795,1.3603915,volume_mu,95%,wildtype,glucoseCAA,none,0.0
1.16670875,1.3146175,volume_mu,75%,wildtype,glucoseCAA,none,0.0
1.2258625,1.2615175,volume_mu,25%,wildtype,glucoseCAA,none,0.0
1.2428599999999999,1.2428599999999999,volume_mu,median,wildtype,glucoseCAA,none,0.0
0.55029385,0.7769810999999999,volume_mu,95%,wildtype,glycerol,none,0.0
0.58106675,0.7367135,volume_mu,75%,wildtype,glycerol,none,0.0
0.6332865,0.675002875,volume_mu,25%,wildtype,glycerol,none,0.0
0.653497,0.653497,volume_mu,median,wildtype,glycerol,none,0.0
0.61036395,0.765579,volume_mu,95%,wildtype,sorbitol,none,0.0
0.629682375,0.733728125,volume_mu,75%,wildtype,sorbitol,none,0.0
0.66269525,0.6904916249999999,volume_mu,25%,wildtype,sorbitol,none,0.0
0.6762755,0.6762755,volume_mu,median,wildtype,sorbitol,none,0.0
0.1098843,0.13025314999999998,peri_volume_mu,95%,malE-rbsB-fliC-KO,acetate,malE,10.0
0.113780625,0.125256,peri_volume_mu,75%,malE-rbsB-fliC-KO,acetate,malE,10.0
0.11808125,0.120680125,peri_volume_mu,25%,malE-rbsB-fliC-KO,acetate,malE,10.0
0.119346,0.119346,peri_volume_mu,median,malE-rbsB-fliC-KO,acetate,malE,10.0
0.10817245,0.1194643,peri_volume_mu,95%,malE-rbsB-fliC-KO,acetate,malE,50.0
0.11006674999999999,0.11714025,peri_volume_mu,75%,malE-rbsB-fliC-KO,acetate,malE,50.0
0.112674,0.114417,peri_volume_mu,25%,malE-rbsB-fliC-KO,acetate,malE,50.0
0.113536,0.113536,peri_volume_mu,median,malE-rbsB-fliC-KO,acetate,malE,50.0
0.10396775000000001,0.12566134999999998,peri_volume_mu,95%,malE-rbsB-fliC-KO,acetate,malE,100.0
0.10927287499999999,0.121316125,peri_volume_mu,75%,malE-rbsB-fliC-KO,acetate,malE,100.0
0.113879625,0.11682,peri_volume_mu,25%,malE-rbsB-fliC-KO,acetate,malE,100.0
0.115376,0.115376,peri_volume_mu,median,malE-rbsB-fliC-KO,acetate,malE,100.0
0.10821755,0.14661584999999996,peri_volume_mu,95%,malE-rbsB-fliC-KO,acetate,none,0.0
0.115246625,0.136964375,peri_volume_mu,75%,malE-rbsB-fliC-KO,acetate,none,0.0
0.123358375,0.1283495,peri_volume_mu,25%,malE-rbsB-fliC-KO,acetate,none,0.0
0.1257815,0.1257815,peri_volume_mu,median,malE-rbsB-fliC-KO,acetate,none,0.0
0.10448355,0.136638,peri_volume_mu,95%,malE-rbsB-fliC-KO,acetate,rbsB,10.0
0.111889125,0.129200125,peri_volume_mu,75%,malE-rbsB-fliC-KO,acetate,rbsB,10.0
0.11876775,0.122694,peri_volume_mu,25%,malE-rbsB-fliC-KO,acetate,rbsB,10.0
0.120875,0.120875,peri_volume_mu,median,malE-rbsB-fliC-KO,acetate,rbsB,10.0
0.10707939999999999,0.1278347,peri_volume_mu,95%,malE-rbsB-fliC-KO,acetate,rbsB,50.0
0.1117735,0.12399625,peri_volume_mu,75%,malE-rbsB-fliC-KO,acetate,rbsB,50.0
0.11662225000000001,0.119613,peri_volume_mu,25%,malE-rbsB-fliC-KO,acetate,rbsB,50.0
0.118095,0.118095,peri_volume_mu,median,malE-rbsB-fliC-KO,acetate,rbsB,50.0
0.11396389999999999,0.12169405,peri_volume_mu,95%,malE-rbsB-fliC-KO,acetate,rbsB,100.0
0.115399,0.12006425000000001,peri_volume_mu,75%,malE-rbsB-fliC-KO,acetate,rbsB,100.0
0.11717,0.118306,peri_volume_mu,25%,malE-rbsB-fliC-KO,acetate,rbsB,100.0
0.117746,0.117746,peri_volume_mu,median,malE-rbsB-fliC-KO,acetate,rbsB,100.0
0.11886445,0.17221124999999995,peri_volume_mu,95%,malE-rbsB-fliC-KO,glucose,none,0.0
0.13077675,0.16237825,peri_volume_mu,75%,malE-rbsB-fliC-KO,glucose,none,0.0
0.143109625,0.15116174999999998,peri_volume_mu,25%,malE-rbsB-fliC-KO,glucose,none,0.0
0.14722,0.14722,peri_volume_mu,median,malE-rbsB-fliC-KO,glucose,none,0.0
0.2436786,0.30297455,peri_volume_mu,95%,wildtype,LB,none,0.0
0.25310025,0.293290375,peri_volume_mu,75%,wildtype,LB,none,0.0
0.26791575,0.27869675,peri_volume_mu,25%,wildtype,LB,none,0.0
0.2733425,0.2733425,peri_volume_mu,median,wildtype,LB,none,0.0
0.10782695,0.11635615,peri_volume_mu,95%,wildtype,acetate,none,0.0
0.10917437499999999,0.11497112500000001,peri_volume_mu,75%,wildtype,acetate,none,0.0
0.111307,0.112854,peri_volume_mu,25%,wildtype,acetate,none,0.0
0.1120725,0.1120725,peri_volume_mu,median,wildtype,acetate,none,0.0
0.1759188,0.19862405,peri_volume_mu,95%,wildtype,glucose,lacZ,10.0
0.180249375,0.19401625,peri_volume_mu,75%,wildtype,glucose,lacZ,10.0
0.1854055,0.18882549999999998,peri_volume_mu,25%,wildtype,glucose,lacZ,10.0
0.1871005,0.1871005,peri_volume_mu,median,wildtype,glucose,lacZ,10.0
0.1631377,0.21020384999999997,peri_volume_mu,95%,wildtype,glucose,lacZ,20.0
0.173058375,0.201956,peri_volume_mu,75%,wildtype,glucose,lacZ,20.0
0.183965,0.191015875,peri_volume_mu,25%,wildtype,glucose,lacZ,20.0
0.1874715,0.1874715,peri_volume_mu,median,wildtype,glucose,lacZ,20.0
0.16536165,0.1858307,peri_volume_mu,95%,wildtype,glucose,lacZ,50.0
0.170800625,0.17910874999999998,peri_volume_mu,75%,wildtype,glucose,lacZ,50.0
0.174093625,0.175559,peri_volume_mu,25%,wildtype,glucose,lacZ,50.0
0.174837,0.174837,peri_volume_mu,median,wildtype,glucose,lacZ,50.0
0.13889195,0.15246825,peri_volume_mu,95%,wildtype,glucose,none,0.0
0.141183,0.15035512499999998,peri_volume_mu,75%,wildtype,glucose,none,0.0
0.144503625,0.147002,peri_volume_mu,25%,wildtype,glucose,none,0.0
0.1457795,0.1457795,peri_volume_mu,median,wildtype,glucose,none,0.0
0.14477545,0.1800852,peri_volume_mu,95%,wildtype,glucoseCAA,none,0.0
0.153129,0.17273475,peri_volume_mu,75%,wildtype,glucoseCAA,none,0.0
0.16050425000000001,0.164937375,peri_volume_mu,25%,wildtype,glucoseCAA,none,0.0
0.1627695,0.1627695,peri_volume_mu,median,wildtype,glucoseCAA,none,0.0
0.09055346,0.1652796,peri_volume_mu,95%,wildtype,glycerol,none,0.0
0.10348725,0.149842625,peri_volume_mu,75%,wildtype,glycerol,none,0.0
0.12143862500000001,0.13234712499999998,peri_volume_mu,25%,wildtype,glycerol,none,0.0
0.126824,0.126824,peri_volume_mu,median,wildtype,glycerol,none,0.0
0.09337258999999999,0.11225134999999999,peri_volume_mu,95%,wildtype,sorbitol,none,0.0
0.09694788750000001,0.109192125,peri_volume_mu,75%,wildtype,sorbitol,none,0.0
0.101518,0.104657,peri_volume_mu,25%,wildtype,sorbitol,none,0.0
0.1030845,0.1030845,peri_volume_mu,median,wildtype,sorbitol,none,0.0
4.614049,5.3130515,surface_area_mu,95%,malE-rbsB-fliC-KO,acetate,malE,10.0
4.75399,5.1795,surface_area_mu,75%,malE-rbsB-fliC-KO,acetate,malE,10.0
4.91788,5.01976,surface_area_mu,25%,malE-rbsB-fliC-KO,acetate,malE,10.0
4.96768,4.96768,surface_area_mu,median,malE-rbsB-fliC-KO,acetate,malE,10.0
4.533114,4.936605,surface_area_mu,95%,malE-rbsB-fliC-KO,acetate,malE,50.0
4.59799875,4.86247,surface_area_mu,75%,malE-rbsB-fliC-KO,acetate,malE,50.0
4.69590625,4.76554375,surface_area_mu,25%,malE-rbsB-fliC-KO,acetate,malE,50.0
4.731045,4.731045,surface_area_mu,median,malE-rbsB-fliC-KO,acetate,malE,50.0
4.4494615,5.1792235,surface_area_mu,95%,malE-rbsB-fliC-KO,acetate,malE,100.0
4.592095,5.029752500000001,surface_area_mu,75%,malE-rbsB-fliC-KO,acetate,malE,100.0
4.75619625,4.864875,surface_area_mu,25%,malE-rbsB-fliC-KO,acetate,malE,100.0
4.813465,4.813465,surface_area_mu,median,malE-rbsB-fliC-KO,acetate,malE,100.0
4.672673,5.749218499999999,surface_area_mu,95%,malE-rbsB-fliC-KO,acetate,none,0.0
4.8965975,5.5481625,surface_area_mu,75%,malE-rbsB-fliC-KO,acetate,none,0.0
5.1516175,5.31116,surface_area_mu,25%,malE-rbsB-fliC-KO,acetate,none,0.0
5.2306349999999995,5.2306349999999995,surface_area_mu,median,malE-rbsB-fliC-KO,acetate,none,0.0
4.554405,5.532414499999999,surface_area_mu,95%,malE-rbsB-fliC-KO,acetate,rbsB,10.0
4.73637375,5.3392475,surface_area_mu,75%,malE-rbsB-fliC-KO,acetate,rbsB,10.0
4.962055,5.10994,surface_area_mu,25%,malE-rbsB-fliC-KO,acetate,rbsB,10.0
5.03661,5.03661,surface_area_mu,median,malE-rbsB-fliC-KO,acetate,rbsB,10.0
4.552919,5.279343,surface_area_mu,95%,malE-rbsB-fliC-KO,acetate,rbsB,50.0
4.6846587500000005,5.141215,surface_area_mu,75%,malE-rbsB-fliC-KO,acetate,rbsB,50.0
4.8588112500000005,4.97439875,surface_area_mu,25%,malE-rbsB-fliC-KO,acetate,rbsB,50.0
4.918635,4.918635,surface_area_mu,median,malE-rbsB-fliC-KO,acetate,rbsB,50.0
4.737639000000001,5.051704999999999,surface_area_mu,95%,malE-rbsB-fliC-KO,acetate,rbsB,100.0
4.8048275,4.992545,surface_area_mu,75%,malE-rbsB-fliC-KO,acetate,rbsB,100.0
4.878075,4.923875,surface_area_mu,25%,malE-rbsB-fliC-KO,acetate,rbsB,100.0
4.901855,4.901855,surface_area_mu,median,malE-rbsB-fliC-KO,acetate,rbsB,100.0
5.3771705,6.890525499999999,surface_area_mu,95%,malE-rbsB-fliC-KO,glucose,none,0.0
5.63356,6.6430162500000005,surface_area_mu,75%,malE-rbsB-fliC-KO,glucose,none,0.0
6.0123750000000005,6.2657475,surface_area_mu,25%,malE-rbsB-fliC-KO,glucose,none,0.0
6.1405650000000005,6.1405650000000005,surface_area_mu,median,malE-rbsB-fliC-KO,glucose,none,0.0
10.367830000000001,12.339015,surface_area_mu,95%,wildtype,LB,none,0.0
10.67855,12.036825,surface_area_mu,75%,wildtype,LB,none,0.0
11.168724999999998,11.5372375,surface_area_mu,25%,wildtype,LB,none,0.0
11.35205,11.35205,surface_area_mu,median,wildtype,LB,none,0.0
4.4919235,4.848566,surface_area_mu,95%,wildtype,acetate,none,0.0
4.54802875,4.79404,surface_area_mu,75%,wildtype,acetate,none,0.0
4.641525,4.7066875,surface_area_mu,25%,wildtype,acetate,none,0.0
4.67314,4.67314,surface_area_mu,median,wildtype,acetate,none,0.0
7.380187,8.1836635,surface_area_mu,95%,wildtype,glucose,lacZ,10.0
7.53597,8.03557125,surface_area_mu,75%,wildtype,glucose,lacZ,10.0
7.72943625,7.85465,surface_area_mu,25%,wildtype,glucose,lacZ,10.0
7.79417,7.79417,surface_area_mu,median,wildtype,glucose,lacZ,10.0
7.095024,8.536334,surface_area_mu,95%,wildtype,glucose,lacZ,20.0
7.33745375,8.2833625,surface_area_mu,75%,wildtype,glucose,lacZ,20.0
7.688079999999999,7.93339125,surface_area_mu,25%,wildtype,glucose,lacZ,20.0
7.80488,7.80488,surface_area_mu,median,wildtype,glucose,lacZ,20.0
7.0171025,7.547424499999999,surface_area_mu,95%,wildtype,glucose,lacZ,50.0
7.1434875,7.4170162500000005,surface_area_mu,75%,wildtype,glucose,lacZ,50.0
7.2555700000000005,7.31199375,surface_area_mu,25%,wildtype,glucose,lacZ,50.0
7.283665,7.283665,surface_area_mu,median,wildtype,glucose,lacZ,50.0
5.80874,6.3379145,surface_area_mu,95%,wildtype,glucose,none,0.0
5.892932500000001,6.25114125,surface_area_mu,75%,wildtype,glucose,none,0.0
6.02169375,6.12076875,surface_area_mu,25%,wildtype,glucose,none,0.0
6.0724350000000005,6.0724350000000005,surface_area_mu,median,wildtype,glucose,none,0.0
6.129803,7.326948499999999,surface_area_mu,95%,wildtype,glucoseCAA,none,0.0
6.39842625,7.118205,surface_area_mu,75%,wildtype,glucoseCAA,none,0.0
6.6864875,6.86044125,surface_area_mu,25%,wildtype,glucoseCAA,none,0.0
6.774305,6.774305,surface_area_mu,median,wildtype,glucoseCAA,none,0.0
4.2335535,6.2246144999999995,surface_area_mu,95%,wildtype,glycerol,none,0.0
4.580403749999999,5.90878375,surface_area_mu,75%,wildtype,glycerol,none,0.0
5.069287500000001,5.4206675,surface_area_mu,25%,wildtype,glycerol,none,0.0
5.242839999999999,5.242839999999999,surface_area_mu,median,wildtype,glycerol,none,0.0
3.920127,4.647346499999999,surface_area_mu,95%,wildtype,sorbitol,none,0.0
4.0484237499999995,4.5191937499999995,surface_area_mu,75%,wildtype,sorbitol,none,0.0
4.223165,4.34725375,surface_area_mu,25%,wildtype,sorbitol,none,0.0
4.282970000000001,4.282970000000001,surface_area_mu,median,wildtype,sorbitol,none,0.0
5.7422485000000005,6.712173,surface_area_vol_mu,95%,malE-rbsB-fliC-KO,acetate,malE,10.0
5.9134,6.5226299999999995,surface_area_vol_mu,75%,malE-rbsB-fliC-KO,acetate,malE,10.0
6.134495,6.28936375,surface_area_vol_mu,25%,malE-rbsB-fliC-KO,acetate,malE,10.0
6.208765,6.208765,surface_area_vol_mu,median,malE-rbsB-fliC-KO,acetate,malE,10.0
6.1132349999999995,6.58412,surface_area_vol_mu,95%,malE-rbsB-fliC-KO,acetate,malE,50.0
6.19374875,6.500185,surface_area_vol_mu,75%,malE-rbsB-fliC-KO,acetate,malE,50.0
6.30802,6.38574375,surface_area_vol_mu,25%,malE-rbsB-fliC-KO,acetate,malE,50.0
6.346435,6.346435,surface_area_vol_mu,median,malE-rbsB-fliC-KO,acetate,malE,50.0
5.9399619999999995,6.905573,surface_area_vol_mu,95%,malE-rbsB-fliC-KO,acetate,malE,100.0
6.12254625,6.7049325,surface_area_vol_mu,75%,malE-rbsB-fliC-KO,acetate,malE,100.0
6.33661125,6.4772662500000004,surface_area_vol_mu,25%,malE-rbsB-fliC-KO,acetate,malE,100.0
6.405975,6.405975,surface_area_vol_mu,median,malE-rbsB-fliC-KO,acetate,malE,100.0
5.6472465000000005,6.467131,surface_area_vol_mu,95%,malE-rbsB-fliC-KO,acetate,none,0.0
5.814125000000001,6.3047825,surface_area_vol_mu,75%,malE-rbsB-fliC-KO,acetate,none,0.0
6.00283625,6.12425875,surface_area_vol_mu,25%,malE-rbsB-fliC-KO,acetate,none,0.0
6.065385,6.065385,surface_area_vol_mu,median,malE-rbsB-fliC-KO,acetate,none,0.0
5.5702415,6.650416999999998,surface_area_vol_mu,95%,malE-rbsB-fliC-KO,acetate,rbsB,10.0
5.77458375,6.4563325,surface_area_vol_mu,75%,malE-rbsB-fliC-KO,acetate,rbsB,10.0
6.024355,6.1975275000000005,surface_area_vol_mu,25%,malE-rbsB-fliC-KO,acetate,rbsB,10.0
6.10855,6.10855,surface_area_vol_mu,median,malE-rbsB-fliC-KO,acetate,rbsB,10.0
5.737529,6.5973315,surface_area_vol_mu,95%,malE-rbsB-fliC-KO,acetate,rbsB,50.0
5.89142375,6.44226,surface_area_vol_mu,75%,malE-rbsB-fliC-KO,acetate,rbsB,50.0
6.0980425,6.2402975000000005,surface_area_vol_mu,25%,malE-rbsB-fliC-KO,acetate,rbsB,50.0
6.16952,6.16952,surface_area_vol_mu,median,malE-rbsB-fliC-KO,acetate,rbsB,50.0
5.9670065,6.612176999999998,surface_area_vol_mu,95%,malE-rbsB-fliC-KO,acetate,rbsB,100.0
6.08509,6.49158,surface_area_vol_mu,75%,malE-rbsB-fliC-KO,acetate,rbsB,100.0
6.23558625,6.33864125,surface_area_vol_mu,25%,malE-rbsB-fliC-KO,acetate,rbsB,100.0
6.28749,6.28749,surface_area_vol_mu,median,malE-rbsB-fliC-KO,acetate,rbsB,100.0
5.2325795,6.3892785,surface_area_vol_mu,95%,malE-rbsB-fliC-KO,glucose,none,0.0
5.43476625,6.17715,surface_area_vol_mu,75%,malE-rbsB-fliC-KO,glucose,none,0.0
5.7030675,5.8948025,surface_area_vol_mu,25%,malE-rbsB-fliC-KO,glucose,none,0.0
5.79821,5.79821,surface_area_vol_mu,median,malE-rbsB-fliC-KO,glucose,none,0.0
4.444462,4.6959159999999995,surface_area_vol_mu,95%,wildtype,LB,none,0.0
4.4854287500000005,4.6555349999999995,surface_area_vol_mu,75%,wildtype,LB,none,0.0
4.55102625,4.59593875,surface_area_vol_mu,25%,wildtype,LB,none,0.0
4.57375,4.57375,surface_area_vol_mu,median,wildtype,LB,none,0.0
6.410451999999999,6.6825705,surface_area_vol_mu,95%,wildtype,acetate,none,0.0
6.452875000000001,6.63734875,surface_area_vol_mu,75%,wildtype,acetate,none,0.0
6.51941,6.57011125,surface_area_vol_mu,25%,wildtype,acetate,none,0.0
6.5447299999999995,6.5447299999999995,surface_area_vol_mu,median,wildtype,acetate,none,0.0
5.0608035000000005,5.6310625,surface_area_vol_mu,95%,wildtype,glucose,lacZ,10.0
5.156545,5.5257225000000005,surface_area_vol_mu,75%,wildtype,glucose,lacZ,10.0
5.2931,5.38261875,surface_area_vol_mu,25%,wildtype,glucose,lacZ,10.0
5.33705,5.33705,surface_area_vol_mu,median,wildtype,glucose,lacZ,10.0
5.095439,5.545415,surface_area_vol_mu,95%,wildtype,glucose,lacZ,20.0
5.18139875,5.458583750000001,surface_area_vol_mu,75%,wildtype,glucose,lacZ,20.0
5.28769,5.3541425,surface_area_vol_mu,25%,wildtype,glucose,lacZ,20.0
5.320914999999999,5.320914999999999,surface_area_vol_mu,median,wildtype,glucose,lacZ,20.0
4.980596,5.625252000000001,surface_area_vol_mu,95%,wildtype,glucose,lacZ,50.0
5.14371125,5.473134999999999,surface_area_vol_mu,75%,wildtype,glucose,lacZ,50.0
5.27335625,5.33977,surface_area_vol_mu,25%,wildtype,glucose,lacZ,50.0
5.307075,5.307075,surface_area_vol_mu,median,wildtype,glucose,lacZ,50.0
5.8047845,6.045231,surface_area_vol_mu,95%,wildtype,glucose,none,0.0
5.8449275,6.0052025,surface_area_vol_mu,75%,wildtype,glucose,none,0.0
5.90444,5.94779125,surface_area_vol_mu,25%,wildtype,glucose,none,0.0
5.92671,5.92671,surface_area_vol_mu,median,wildtype,glucose,none,0.0
5.4322265,5.6353715,surface_area_vol_mu,95%,wildtype,glucoseCAA,none,0.0
5.4720325,5.59743,surface_area_vol_mu,75%,wildtype,glucoseCAA,none,0.0
5.5177625,5.5487775,surface_area_vol_mu,25%,wildtype,glucoseCAA,none,0.0
5.53325,5.53325,surface_area_vol_mu,median,wildtype,glucoseCAA,none,0.0
6.0539274999999995,6.5648155,surface_area_vol_mu,95%,wildtype,glycerol,none,0.0
6.1222675,6.441726249999999,surface_area_vol_mu,75%,wildtype,glycerol,none,0.0
6.21856125,6.29516,surface_area_vol_mu,25%,wildtype,glycerol,none,0.0
6.256195,6.256195,surface_area_vol_mu,median,wildtype,glycerol,none,0.0
6.3971745,7.0235045000000005,surface_area_vol_mu,95%,wildtype,sorbitol,none,0.0
6.46822125,6.913615,surface_area_vol_mu,75%,wildtype,sorbitol,none,0.0
6.6074875,6.7387725,surface_area_vol_mu,25%,wildtype,sorbitol,none,0.0
6.668010000000001,6.668010000000001,surface_area_vol_mu,median,wildtype,sorbitol,none,0.0
2.4987715,3.3688115,aspect_ratio_mu,95%,malE-rbsB-fliC-KO,acetate,malE,10.0
2.68633,3.20362875,aspect_ratio_mu,75%,malE-rbsB-fliC-KO,acetate,malE,10.0
2.89354875,3.01454625,aspect_ratio_mu,25%,malE-rbsB-fliC-KO,acetate,malE,10.0
2.95552,2.95552,aspect_ratio_mu,median,malE-rbsB-fliC-KO,acetate,malE,10.0
2.705807,3.1408249999999995,aspect_ratio_mu,95%,malE-rbsB-fliC-KO,acetate,malE,50.0
2.7841324999999997,3.05871375,aspect_ratio_mu,75%,malE-rbsB-fliC-KO,acetate,malE,50.0
2.8867237500000003,2.9592925,aspect_ratio_mu,25%,malE-rbsB-fliC-KO,acetate,malE,50.0
2.92261,2.92261,aspect_ratio_mu,median,malE-rbsB-fliC-KO,acetate,malE,50.0
2.6685885000000003,3.4695845,aspect_ratio_mu,95%,malE-rbsB-fliC-KO,acetate,malE,100.0
2.84161875,3.31542125,aspect_ratio_mu,75%,malE-rbsB-fliC-KO,acetate,malE,100.0
3.02369625,3.1378512499999998,aspect_ratio_mu,25%,malE-rbsB-fliC-KO,acetate,malE,100.0
3.08136,3.08136,aspect_ratio_mu,median,malE-rbsB-fliC-KO,acetate,malE,100.0
2.670349,3.2579285,aspect_ratio_mu,95%,malE-rbsB-fliC-KO,acetate,none,0.0
2.78349875,3.1347225,aspect_ratio_mu,75%,malE-rbsB-fliC-KO,acetate,none,0.0
2.918225,3.00225125,aspect_ratio_mu,25%,malE-rbsB-fliC-KO,acetate,none,0.0
2.96099,2.96099,aspect_ratio_mu,median,malE-rbsB-fliC-KO,acetate,none,0.0
2.4354225,3.3259079999999996,aspect_ratio_mu,95%,malE-rbsB-fliC-KO,acetate,rbsB,10.0
2.609175,3.1515199999999997,aspect_ratio_mu,75%,malE-rbsB-fliC-KO,acetate,rbsB,10.0
2.81223,2.93997375,aspect_ratio_mu,25%,malE-rbsB-fliC-KO,acetate,rbsB,10.0
2.874395,2.874395,aspect_ratio_mu,median,malE-rbsB-fliC-KO,acetate,rbsB,10.0
2.486298,3.179106499999999,aspect_ratio_mu,95%,malE-rbsB-fliC-KO,acetate,rbsB,50.0
2.6379325,3.05657625,aspect_ratio_mu,75%,malE-rbsB-fliC-KO,acetate,rbsB,50.0
2.799375,2.9057875,aspect_ratio_mu,25%,malE-rbsB-fliC-KO,acetate,rbsB,50.0
2.85379,2.85379,aspect_ratio_mu,median,malE-rbsB-fliC-KO,acetate,rbsB,50.0
2.6738494999999998,3.348462,aspect_ratio_mu,95%,malE-rbsB-fliC-KO,acetate,rbsB,100.0
2.78815875,3.2077975,aspect_ratio_mu,75%,malE-rbsB-fliC-KO,acetate,rbsB,100.0
2.9417162500000003,3.05013125,aspect_ratio_mu,25%,malE-rbsB-fliC-KO,acetate,rbsB,100.0
2.996545,2.996545,aspect_ratio_mu,median,malE-rbsB-fliC-KO,acetate,rbsB,100.0
2.862238,3.5067475,aspect_ratio_mu,95%,malE-rbsB-fliC-KO,glucose,none,0.0
2.99875625,3.39847875,aspect_ratio_mu,75%,malE-rbsB-fliC-KO,glucose,none,0.0
3.1491925,3.25276125,aspect_ratio_mu,25%,malE-rbsB-fliC-KO,glucose,none,0.0
3.1979249999999997,3.1979249999999997,aspect_ratio_mu,median,malE-rbsB-fliC-KO,glucose,none,0.0
3.42682,4.0566545000000005,aspect_ratio_mu,95%,wildtype,LB,none,0.0
3.530405,3.9534675000000004,aspect_ratio_mu,75%,wildtype,LB,none,0.0
3.68554,3.80076,aspect_ratio_mu,25%,wildtype,LB,none,0.0
3.7439,3.7439,aspect_ratio_mu,median,wildtype,LB,none,0.0
2.919219,3.237581,aspect_ratio_mu,95%,wildtype,acetate,none,0.0
2.96948875,3.18599,aspect_ratio_mu,75%,wildtype,acetate,none,0.0
3.05101625,3.10618,aspect_ratio_mu,25%,wildtype,acetate,none,0.0
3.0786249999999997,3.0786249999999997,aspect_ratio_mu,median,wildtype,acetate,none,0.0
3.0922224999999997,3.7385574999999998,aspect_ratio_mu,95%,wildtype,glucose,lacZ,10.0
3.22314875,3.6196912500000002,aspect_ratio_mu,75%,wildtype,glucose,lacZ,10.0
3.3767525,3.47775875,aspect_ratio_mu,25%,wildtype,glucose,lacZ,10.0
3.4268,3.4268,aspect_ratio_mu,median,wildtype,glucose,lacZ,10.0
3.1939345,3.666881499999999,aspect_ratio_mu,95%,wildtype,glucose,lacZ,20.0
3.2847387500000003,3.5873675,aspect_ratio_mu,75%,wildtype,glucose,lacZ,20.0
3.401835,3.4772425,aspect_ratio_mu,25%,wildtype,glucose,lacZ,20.0
3.43855,3.43855,aspect_ratio_mu,median,wildtype,glucose,lacZ,20.0
2.7557915,3.567541,aspect_ratio_mu,95%,wildtype,glucose,lacZ,50.0
2.92588875,3.372335,aspect_ratio_mu,75%,wildtype,glucose,lacZ,50.0
3.10345125,3.2011025,aspect_ratio_mu,25%,wildtype,glucose,lacZ,50.0
3.1517749999999998,3.1517749999999998,aspect_ratio_mu,median,wildtype,glucose,lacZ,50.0
3.2391185,3.467984,aspect_ratio_mu,95%,wildtype,glucose,none,0.0
3.2758725,3.43120625,aspect_ratio_mu,75%,wildtype,glucose,none,0.0
3.33336,3.3750475,aspect_ratio_mu,25%,wildtype,glucose,none,0.0
3.3543649999999996,3.3543649999999996,aspect_ratio_mu,median,wildtype,glucose,none,0.0
2.875777,3.6167459999999996,aspect_ratio_mu,95%,wildtype,glucoseCAA,none,0.0
3.0172825000000003,3.468255,aspect_ratio_mu,75%,wildtype,glucoseCAA,none,0.0
3.19365375,3.29972875,aspect_ratio_mu,25%,wildtype,glucoseCAA,none,0.0
3.2469,3.2469,aspect_ratio_mu,median,wildtype,glucoseCAA,none,0.0
2.9383965,3.793470499999999,aspect_ratio_mu,95%,wildtype,glycerol,none,0.0
3.0872112499999997,3.6325262499999997,aspect_ratio_mu,75%,wildtype,glycerol,none,0.0
3.2852699999999997,3.42185375,aspect_ratio_mu,25%,wildtype,glycerol,none,0.0
3.353935,3.353935,aspect_ratio_mu,median,wildtype,glycerol,none,0.0
2.8600755,3.5945614999999993,aspect_ratio_mu,95%,wildtype,sorbitol,none,0.0
3.00399,3.46850375,aspect_ratio_mu,75%,wildtype,sorbitol,none,0.0
3.17414125,3.29053,aspect_ratio_mu,25%,wildtype,sorbitol,none,0.0
3.2335149999999997,3.2335149999999997,aspect_ratio_mu,median,wildtype,sorbitol,none,0.0
0.021836645000000002,0.02739055,phi_M,95%,malE-rbsB-fliC-KO,acetate,malE,10.0
0.0227128625,0.026514525,phi_M,75%,malE-rbsB-fliC-KO,acetate,malE,10.0
0.0240546,0.02504245,phi_M,25%,malE-rbsB-fliC-KO,acetate,malE,10.0
0.02454955,0.02454955,phi_M,median,malE-rbsB-fliC-KO,acetate,malE,10.0
0.02878965,0.034584915,phi_M,95%,malE-rbsB-fliC-KO,acetate,malE,50.0
0.0297398125,0.0336459125,phi_M,75%,malE-rbsB-fliC-KO,acetate,malE,50.0
0.031173825,0.032226012500000005,phi_M,25%,malE-rbsB-fliC-KO,acetate,malE,50.0
0.031692,0.031692,phi_M,median,malE-rbsB-fliC-KO,acetate,malE,50.0
0.03099768,0.042559275,phi_M,95%,malE-rbsB-fliC-KO,acetate,malE,100.0
0.032763537499999995,0.040509962499999996,phi_M,75%,malE-rbsB-fliC-KO,acetate,malE,100.0
0.0354845875,0.0375773,phi_M,25%,malE-rbsB-fliC-KO,acetate,malE,100.0
0.036539,0.036539,phi_M,median,malE-rbsB-fliC-KO,acetate,malE,100.0
0.02248299,0.02703442,phi_M,95%,malE-rbsB-fliC-KO,acetate,none,0.0
0.0231238,0.0263085625,phi_M,75%,malE-rbsB-fliC-KO,acetate,none,0.0
0.024253325,0.025143875,phi_M,25%,malE-rbsB-fliC-KO,acetate,none,0.0
0.02467785,0.02467785,phi_M,median,malE-rbsB-fliC-KO,acetate,none,0.0
0.033455885,0.050564414999999995,phi_M,95%,malE-rbsB-fliC-KO,acetate,rbsB,10.0
0.0355645125,0.0473598,phi_M,75%,malE-rbsB-fliC-KO,acetate,rbsB,10.0
0.039637325,0.04278485,phi_M,25%,malE-rbsB-fliC-KO,acetate,rbsB,10.0
0.04115315,0.04115315,phi_M,median,malE-rbsB-fliC-KO,acetate,rbsB,10.0
0.04304152,0.054745529999999994,phi_M,95%,malE-rbsB-fliC-KO,acetate,rbsB,50.0
0.044981925,0.0527219,phi_M,75%,malE-rbsB-fliC-KO,acetate,rbsB,50.0
0.0477105,0.0498108375,phi_M,25%,malE-rbsB-fliC-KO,acetate,rbsB,50.0
0.0487586,0.0487586,phi_M,median,malE-rbsB-fliC-KO,acetate,rbsB,50.0
0.04765048,0.058916415,phi_M,95%,malE-rbsB-fliC-KO,acetate,rbsB,100.0
0.049330675,0.056950425,phi_M,75%,malE-rbsB-fliC-KO,acetate,rbsB,100.0
0.051929375,0.053918837500000004,phi_M,25%,malE-rbsB-fliC-KO,acetate,rbsB,100.0
0.0529092,0.0529092,phi_M,median,malE-rbsB-fliC-KO,acetate,rbsB,100.0
0.01814506,0.0226185,phi_M,95%,malE-rbsB-fliC-KO,glucose,none,0.0
0.0187999875,0.0218812375,phi_M,75%,malE-rbsB-fliC-KO,glucose,none,0.0
0.019858137499999998,0.020673275,phi_M,25%,malE-rbsB-fliC-KO,glucose,none,0.0
0.020257749999999998,0.020257749999999998,phi_M,median,malE-rbsB-fliC-KO,glucose,none,0.0
0.03593396,0.049089525,phi_M,95%,wildtype,acetate,none,0.0
0.037893275000000004,0.0469953125,phi_M,75%,wildtype,acetate,none,0.0
0.0410033875,0.043538525,phi_M,25%,wildtype,acetate,none,0.0
0.0422491,0.0422491,phi_M,median,wildtype,acetate,none,0.0
0.017006149999999998,0.027738614999999998,phi_M,95%,wildtype,glucose,lacZ,10.0
0.0185093125,0.0259293375,phi_M,75%,wildtype,glucose,lacZ,10.0
0.021075275,0.0231619375,phi_M,25%,wildtype,glucose,lacZ,10.0
0.022143,0.022143,phi_M,median,wildtype,glucose,lacZ,10.0
0.015179675,0.025117059999999993,phi_M,95%,wildtype,glucose,lacZ,20.0
0.016415575,0.02337815,phi_M,75%,wildtype,glucose,lacZ,20.0
0.018839962499999998,0.020761625,phi_M,25%,wildtype,glucose,lacZ,20.0
0.01977365,0.01977365,phi_M,median,wildtype,glucose,lacZ,20.0
0.01868314,0.024099525,phi_M,95%,wildtype,glucose,none,0.0
0.019421375,0.023144525,phi_M,75%,wildtype,glucose,none,0.0
0.0207033,0.0217447375,phi_M,25%,wildtype,glucose,none,0.0
0.0212213,0.0212213,phi_M,median,wildtype,glucose,none,0.0
0.017613530000000002,0.02833796,phi_M,95%,wildtype,glucoseCAA,none,0.0
0.0190047625,0.0263712375,phi_M,75%,wildtype,glucoseCAA,none,0.0
0.021453725,0.023386075,phi_M,25%,wildtype,glucoseCAA,none,0.0
0.02242165,0.02242165,phi_M,median,wildtype,glucoseCAA,none,0.0
0.023703175,0.02844572,phi_M,95%,wildtype,glycerol,none,0.0
0.0244392625,0.0276815125,phi_M,75%,wildtype,glycerol,none,0.0
0.025633025,0.0265284375,phi_M,25%,wildtype,glycerol,none,0.0
0.02607595,0.02607595,phi_M,median,wildtype,glycerol,none,0.0
0.03811926,0.059632524999999985,phi_M,95%,wildtype,sorbitol,none,0.0
0.040828125,0.0556100125,phi_M,75%,wildtype,sorbitol,none,0.0
0.0457243625,0.049801912500000003,phi_M,25%,wildtype,sorbitol,none,0.0
0.047785049999999996,0.047785049999999996,phi_M,median,wildtype,sorbitol,none,0.0
11.10148,13.931225,prot_per_biomass_mu,95%,malE-rbsB-fliC-KO,acetate,malE,10.0
11.556062500000001,13.46605,prot_per_biomass_mu,75%,malE-rbsB-fliC-KO,acetate,malE,10.0
12.236062500000001,12.739975000000001,prot_per_biomass_mu,25%,malE-rbsB-fliC-KO,acetate,malE,10.0
12.4879,12.4879,prot_per_biomass_mu,median,malE-rbsB-fliC-KO,acetate,malE,10.0
14.647795,17.5886,prot_per_biomass_mu,95%,malE-rbsB-fliC-KO,acetate,malE,50.0
15.129312500000001,17.105150000000002,prot_per_biomass_mu,75%,malE-rbsB-fliC-KO,acetate,malE,50.0
15.8578625,16.3871,prot_per_biomass_mu,25%,malE-rbsB-fliC-KO,acetate,malE,50.0
16.1102,16.1102,prot_per_biomass_mu,median,malE-rbsB-fliC-KO,acetate,malE,50.0
15.769445000000001,21.636165,prot_per_biomass_mu,95%,malE-rbsB-fliC-KO,acetate,malE,100.0
16.655925,20.594425,prot_per_biomass_mu,75%,malE-rbsB-fliC-KO,acetate,malE,100.0
18.039225000000002,19.1110125,prot_per_biomass_mu,25%,malE-rbsB-fliC-KO,acetate,malE,100.0
18.5865,18.5865,prot_per_biomass_mu,median,malE-rbsB-fliC-KO,acetate,malE,100.0
11.4316,13.746315,prot_per_biomass_mu,95%,malE-rbsB-fliC-KO,acetate,none,0.0
11.772625,13.3794375,prot_per_biomass_mu,75%,malE-rbsB-fliC-KO,acetate,none,0.0
12.337425,12.7837,prot_per_biomass_mu,25%,malE-rbsB-fliC-KO,acetate,none,0.0
12.55555,12.55555,prot_per_biomass_mu,median,malE-rbsB-fliC-KO,acetate,none,0.0
17.005380000000002,25.72544,prot_per_biomass_mu,95%,malE-rbsB-fliC-KO,acetate,rbsB,10.0
18.097962499999998,24.102925,prot_per_biomass_mu,75%,malE-rbsB-fliC-KO,acetate,rbsB,10.0
20.1450625,21.7623375,prot_per_biomass_mu,25%,malE-rbsB-fliC-KO,acetate,rbsB,10.0
20.9242,20.9242,prot_per_biomass_mu,median,malE-rbsB-fliC-KO,acetate,rbsB,10.0
21.908835,27.854775,prot_per_biomass_mu,95%,malE-rbsB-fliC-KO,acetate,rbsB,50.0
22.8722375,26.779937500000003,prot_per_biomass_mu,75%,malE-rbsB-fliC-KO,acetate,rbsB,50.0
24.2628,25.337474999999998,prot_per_biomass_mu,25%,malE-rbsB-fliC-KO,acetate,rbsB,50.0
24.80675,24.80675,prot_per_biomass_mu,median,malE-rbsB-fliC-KO,acetate,rbsB,50.0
24.236445,29.948625,prot_per_biomass_mu,95%,malE-rbsB-fliC-KO,acetate,rbsB,100.0
25.068550000000002,28.970412500000002,prot_per_biomass_mu,75%,malE-rbsB-fliC-KO,acetate,rbsB,100.0
26.394675,27.4227125,prot_per_biomass_mu,25%,malE-rbsB-fliC-KO,acetate,rbsB,100.0
26.89815,26.89815,prot_per_biomass_mu,median,malE-rbsB-fliC-KO,acetate,rbsB,100.0
9.229662,11.506540000000001,prot_per_biomass_mu,95%,malE-rbsB-fliC-KO,glucose,none,0.0
9.56493875,11.128425,prot_per_biomass_mu,75%,malE-rbsB-fliC-KO,glucose,none,0.0
10.0982,10.5172375,prot_per_biomass_mu,25%,malE-rbsB-fliC-KO,glucose,none,0.0
10.30685,10.30685,prot_per_biomass_mu,median,malE-rbsB-fliC-KO,glucose,none,0.0
18.301060000000003,24.965249999999997,prot_per_biomass_mu,95%,wildtype,acetate,none,0.0
19.2746875,23.8842625,prot_per_biomass_mu,75%,wildtype,acetate,none,0.0
20.8585,22.144925,prot_per_biomass_mu,25%,wildtype,acetate,none,0.0
21.481,21.481,prot_per_biomass_mu,median,wildtype,acetate,none,0.0
8.662193,14.09982,prot_per_biomass_mu,95%,wildtype,glucose,lacZ,10.0
9.4096075,13.200912500000001,prot_per_biomass_mu,75%,wildtype,glucose,lacZ,10.0
10.7307,11.770075,prot_per_biomass_mu,25%,wildtype,glucose,lacZ,10.0
11.2591,11.2591,prot_per_biomass_mu,median,wildtype,glucose,lacZ,10.0
7.7229635000000005,12.780499999999996,prot_per_biomass_mu,95%,wildtype,glucose,lacZ,20.0
8.334938750000001,11.9105875,prot_per_biomass_mu,75%,wildtype,glucose,lacZ,20.0
9.58484875,10.550925,prot_per_biomass_mu,25%,wildtype,glucose,lacZ,20.0
10.057400000000001,10.057400000000001,prot_per_biomass_mu,median,wildtype,glucose,lacZ,20.0
9.5106095,12.238305,prot_per_biomass_mu,95%,wildtype,glucose,none,0.0
9.8832825,11.76665,prot_per_biomass_mu,75%,wildtype,glucose,none,0.0
10.5291625,11.060437499999999,prot_per_biomass_mu,25%,wildtype,glucose,none,0.0
10.790700000000001,10.790700000000001,prot_per_biomass_mu,median,wildtype,glucose,none,0.0
8.9459365,14.386304999999998,prot_per_biomass_mu,95%,wildtype,glucoseCAA,none,0.0
9.6805275,13.4174125,prot_per_biomass_mu,75%,wildtype,glucoseCAA,none,0.0
10.9094625,11.890537499999999,prot_per_biomass_mu,25%,wildtype,glucoseCAA,none,0.0
11.4056,11.4056,prot_per_biomass_mu,median,wildtype,glucoseCAA,none,0.0
12.05375,14.457075,prot_per_biomass_mu,95%,wildtype,glycerol,none,0.0
12.4353625,14.07155,prot_per_biomass_mu,75%,wildtype,glycerol,none,0.0
13.038,13.4874375,prot_per_biomass_mu,25%,wildtype,glycerol,none,0.0
13.262049999999999,13.262049999999999,prot_per_biomass_mu,median,wildtype,glycerol,none,0.0
19.40557,30.305249999999997,prot_per_biomass_mu,95%,wildtype,sorbitol,none,0.0
20.75995,28.3051375,prot_per_biomass_mu,75%,wildtype,sorbitol,none,0.0
23.263849999999998,25.309425,prot_per_biomass_mu,25%,wildtype,sorbitol,none,0.0
24.2845,24.2845,prot_per_biomass_mu,median,wildtype,sorbitol,none,0.0
